Time Instance,Trustor,Trustee,Pack_f,Pack_d,Pack_f Count,Pack_d Count,pdr,Frd1,CoI_id
1,6,1,0,1,0,1,0,0,1
2,3,1,0,1,0,1,0,0,1
2,3,1,0,1,0,2,0,0,1
3,6,1,1,0,1,1,0.5,0,1
3,6,1,1,0,2,1,0.666666667,0,1
3,3,1,0,1,0,3,0,0,1
4,6,1,0,1,2,2,0.5,0,1
5,6,1,1,0,3,2,0.6,0,1
5,3,1,0,1,0,4,0,0,1
6,6,1,0,1,3,3,0.5,0,1
6,6,1,0,1,3,4,0.428571429,1,1
6,6,1,1,0,4,4,0.5,1,1
7,6,1,0,1,4,5,0.444444444,1,1
7,6,1,0,1,4,6,0.4,1,1
8,6,1,0,1,4,7,0.363636364,1,1
8,6,1,1,0,5,7,0.416666667,1,1
8,6,1,0,1,5,8,0.384615385,1,1
9,3,1,1,0,1,4,0.2,1,1
9,6,1,1,0,6,8,0.428571429,1,1
9,6,1,1,0,7,8,0.466666667,1,1
10,3,1,0,1,1,5,0.166666667,1,1
10,6,1,0,1,7,9,0.4375,1,1
11,3,1,0,1,1,6,0.142857143,1,1
11,6,1,1,0,8,9,0.470588235,1,1
12,3,1,1,0,2,6,0.25,1,1
12,6,1,0,1,8,10,0.444444444,1,1
12,6,1,1,0,9,10,0.473684211,1,1
13,3,1,1,0,3,6,0.333333333,1,1
13,6,1,1,0,10,10,0.5,1,1
13,6,1,0,1,10,11,0.476190476,1,1
14,3,1,1,0,4,6,0.4,1,1
14,6,1,1,0,11,11,0.5,1,1
15,3,1,1,0,5,6,0.454545455,1,1
15,6,1,1,0,12,11,0.52173913,1,1
15,6,1,1,0,13,11,0.541666667,1,1
16,3,1,0,1,5,7,0.416666667,1,1
16,6,1,1,0,14,11,0.56,1,1
16,6,1,1,0,15,11,0.576923077,1,1
17,3,1,0,1,5,8,0.384615385,1,1
17,6,1,1,0,16,11,0.592592593,1,1
18,6,1,1,0,17,11,0.607142857,1,1
18,6,1,1,0,18,11,0.620689655,1,1
18,3,1,0,1,5,9,0.357142857,1,1
19,6,1,0,1,18,12,0.6,1,1
19,3,1,0,1,5,10,0.333333333,1,1
20,3,1,1,0,6,10,0.375,1,1
20,6,1,1,0,19,12,0.612903226,1,1
21,3,1,1,0,7,10,0.411764706,1,1
22,6,1,1,0,20,12,0.625,1,1
22,6,1,0,1,20,13,0.606060606,1,1
23,3,1,0,1,7,11,0.388888889,1,1
24,6,1,0,1,20,14,0.588235294,1,1
24,6,1,1,0,21,14,0.6,1,1
25,3,1,1,0,8,11,0.421052632,1,1
25,6,1,1,0,22,14,0.611111111,1,1
26,3,1,1,0,9,11,0.45,1,1
26,6,1,1,0,23,14,0.621621622,1,1
27,6,1,1,0,24,14,0.631578947,1,1
28,3,1,1,0,10,11,0.476190476,1,1
29,6,1,1,0,25,14,0.641025641,1,1
30,6,1,0,1,25,15,0.625,1,1
30,6,1,0,1,25,16,0.609756098,1,1
31,6,1,0,1,25,17,0.595238095,1,1
32,3,1,1,0,11,11,0.5,1,1
32,6,1,1,0,26,17,0.604651163,1,1
33,6,1,1,0,27,17,0.613636364,1,1
34,3,1,0,1,11,12,0.47826087,1,1
34,6,1,1,0,28,17,0.622222222,1,1
35,6,1,0,1,28,18,0.608695652,1,1
36,3,1,1,0,12,12,0.5,1,1
37,6,1,0,1,28,19,0.595744681,1,1
37,6,1,1,0,29,19,0.604166667,1,1
37,6,1,0,1,29,20,0.591836735,1,1
38,3,1,0,1,12,13,0.48,1,1
38,6,1,0,1,29,21,0.58,1,1
39,3,1,0,1,12,14,0.461538462,1,1
39,6,1,0,1,29,22,0.568627451,1,1
39,6,1,0,1,29,23,0.557692308,1,1
40,3,1,1,0,13,14,0.481481481,1,1
41,6,1,1,0,30,23,0.566037736,1,1
42,3,1,1,0,14,14,0.5,1,1
42,6,1,0,1,30,24,0.555555556,1,1
43,6,1,0,1,30,25,0.545454545,1,1
43,3,1,1,0,15,14,0.517241379,1,1
44,6,1,1,0,31,25,0.553571429,1,1
44,6,1,0,1,31,26,0.543859649,1,1
44,6,1,1,0,32,26,0.551724138,1,1
45,3,1,0,1,15,15,0.5,1,1
45,6,1,0,1,32,27,0.542372881,1,1
47,6,1,0,1,32,28,0.533333333,1,1
47,3,1,1,0,16,15,0.516129032,1,1
48,6,1,0,1,32,29,0.524590164,1,1
49,6,1,0,1,32,30,0.516129032,1,1
49,3,1,0,1,16,16,0.5,1,1
50,6,1,0,1,32,31,0.507936508,1,1
50,6,1,1,0,33,31,0.515625,1,1
51,3,1,1,0,17,16,0.515151515,1,1
51,6,1,1,0,34,31,0.523076923,1,1
52,6,1,1,0,35,31,0.53030303,1,1
52,6,1,0,1,35,32,0.52238806,1,1
53,6,1,1,0,36,32,0.529411765,1,1
53,3,1,0,1,17,17,0.5,1,1
54,6,1,0,1,36,33,0.52173913,1,1
55,3,1,0,1,17,18,0.485714286,1,1
55,6,1,1,0,37,33,0.528571429,1,1
56,6,1,0,1,37,34,0.521126761,1,1
56,3,1,0,1,17,19,0.472222222,1,1
57,6,1,0,1,37,35,0.513888889,1,1
57,6,1,1,0,38,35,0.520547945,1,1
58,3,1,1,0,18,19,0.486486486,1,1
58,6,1,0,1,38,36,0.513513514,1,1
59,3,1,1,0,19,19,0.5,1,1
60,6,1,1,0,39,36,0.52,1,1
60,3,1,1,0,20,19,0.512820513,1,1
61,6,1,1,0,40,36,0.526315789,1,1
62,6,1,1,0,41,36,0.532467532,1,1
62,3,1,1,0,21,19,0.525,1,1
63,6,1,0,1,41,37,0.525641026,1,1
64,3,1,1,0,22,19,0.536585366,1,1
64,6,1,1,0,42,37,0.53164557,1,1
65,6,1,1,0,43,37,0.5375,1,1
66,3,1,0,1,22,20,0.523809524,1,1
66,6,1,1,0,44,37,0.543209877,1,1
67,6,1,1,0,45,37,0.548780488,1,1
68,6,1,1,0,46,37,0.554216867,1,1
69,3,1,0,1,22,21,0.511627907,1,1
70,6,1,1,0,47,37,0.55952381,1,1
71,6,1,0,1,47,38,0.552941176,1,1
71,6,1,0,1,47,39,0.546511628,1,1
72,6,1,0,1,47,40,0.540229885,1,1
73,3,1,1,0,23,21,0.522727273,1,1
73,6,1,0,1,47,41,0.534090909,1,1
74,6,1,1,0,48,41,0.539325843,1,1
74,6,1,0,1,48,42,0.533333333,1,1
75,3,1,1,0,24,21,0.533333333,1,1
75,6,1,1,0,49,42,0.538461538,1,1
76,6,1,0,1,49,43,0.532608696,1,1
76,6,1,0,1,49,44,0.52688172,1,1
77,3,1,0,1,24,22,0.52173913,1,1
78,6,1,0,1,49,45,0.521276596,1,1
78,6,1,1,0,50,45,0.526315789,1,1
80,6,1,1,0,51,45,0.53125,1,1
80,6,1,1,0,52,45,0.536082474,1,1
81,6,1,0,1,52,46,0.530612245,1,1
81,6,1,0,1,52,47,0.525252525,1,1
82,3,1,1,0,25,22,0.531914894,1,1
83,6,1,1,0,53,47,0.53,1,1
83,3,1,0,1,25,23,0.520833333,1,1
84,6,1,1,0,54,47,0.534653465,1,1
85,6,1,0,1,54,48,0.529411765,1,1
86,3,1,0,1,25,24,0.510204082,1,1
86,6,1,0,1,54,49,0.524271845,1,1
87,6,1,1,0,55,49,0.528846154,1,1
88,6,1,1,0,56,49,0.533333333,1,1
88,3,1,1,0,26,24,0.52,1,1
89,6,1,1,0,57,49,0.537735849,1,1
89,6,1,1,0,58,49,0.542056075,1,1
90,3,1,1,0,27,24,0.529411765,1,1
90,6,1,0,1,58,50,0.537037037,1,1
91,6,1,0,1,58,51,0.532110092,1,1
92,3,1,0,1,27,25,0.519230769,1,1
92,6,1,1,0,59,51,0.536363636,1,1
93,3,1,0,1,27,26,0.509433962,1,1
93,6,1,0,1,59,52,0.531531532,1,1
94,3,1,1,0,28,26,0.518518519,1,1
95,6,1,1,0,60,52,0.535714286,1,1
95,6,1,0,1,60,53,0.530973451,1,1
96,6,1,0,1,60,54,0.526315789,1,1
97,3,1,1,0,29,26,0.527272727,1,1
97,6,1,0,1,60,55,0.52173913,1,1
98,6,1,0,1,60,56,0.517241379,1,1
98,6,1,1,0,61,56,0.521367521,1,1
99,3,1,0,1,29,27,0.517857143,1,1
99,6,1,0,1,61,57,0.516949153,1,1
101,6,1,0,1,61,58,0.512605042,1,1
102,3,1,1,0,30,27,0.526315789,1,1
102,6,1,0,1,61,59,0.508333333,1,1
103,6,1,0,1,61,60,0.504132231,1,1
103,3,1,1,0,31,27,0.534482759,1,1
105,6,1,0,1,61,61,0.5,1,1
105,3,1,1,0,32,27,0.542372881,1,1
106,6,1,0,1,61,62,0.495934959,1,1
107,6,1,0,1,61,63,0.491935484,1,1
107,3,1,0,1,32,28,0.533333333,1,1
108,6,1,0,1,61,64,0.488,1,1
108,6,1,0,1,61,65,0.484126984,1,1
109,3,1,0,1,32,29,0.524590164,1,1
109,6,1,0,1,61,66,0.480314961,1,1
110,3,1,1,0,33,29,0.532258065,1,1
110,6,1,1,0,62,66,0.484375,1,1
111,6,1,1,0,63,66,0.488372093,1,1
111,3,1,0,1,33,30,0.523809524,1,1
112,6,1,0,1,63,67,0.484615385,1,1
113,3,1,1,0,34,30,0.53125,1,1
114,6,1,1,0,64,67,0.488549618,1,1
114,6,1,0,1,64,68,0.484848485,1,1
115,3,1,0,1,34,31,0.523076923,1,1
115,6,1,1,0,65,68,0.488721805,1,1
116,3,1,1,0,35,31,0.53030303,1,1
117,6,1,0,1,65,69,0.485074627,1,1
117,6,1,1,0,66,69,0.488888889,1,1
118,3,1,1,0,36,31,0.537313433,1,1
118,6,1,0,1,66,70,0.485294118,1,1
119,6,1,1,0,67,70,0.489051095,1,1
119,6,1,0,1,67,71,0.485507246,1,1
120,6,1,0,1,67,72,0.482014388,1,1
121,3,1,1,0,37,31,0.544117647,1,1
121,6,1,1,0,68,72,0.485714286,1,1
122,3,1,0,1,37,32,0.536231884,1,1
122,6,1,1,0,69,72,0.489361702,1,1
123,3,1,1,0,38,32,0.542857143,1,1
124,6,1,1,0,70,72,0.492957746,1,1
126,6,1,1,0,71,72,0.496503497,1,1
126,6,1,1,0,72,72,0.5,1,1
127,6,1,0,1,72,73,0.496551724,1,1
127,3,1,1,0,39,32,0.549295775,1,1
128,6,1,1,0,73,73,0.5,1,1
129,6,1,1,0,74,73,0.503401361,1,1
129,6,1,0,1,74,74,0.5,1,1
131,3,1,1,0,40,32,0.555555556,1,1
131,6,1,0,1,74,75,0.496644295,1,1
132,3,1,0,1,40,33,0.547945205,1,1
132,6,1,1,0,75,75,0.5,1,1
133,3,1,0,1,40,34,0.540540541,1,1
133,6,1,0,1,75,76,0.496688742,1,1
134,6,1,0,1,75,77,0.493421053,1,1
134,6,1,1,0,76,77,0.496732026,1,1
135,6,1,0,1,76,78,0.493506494,1,1
135,3,1,0,1,40,35,0.533333333,1,1
136,6,1,1,0,77,78,0.496774194,1,1
136,3,1,1,0,41,35,0.539473684,1,1
137,3,1,0,1,41,36,0.532467532,1,1
138,6,1,0,1,77,79,0.493589744,1,1
139,3,1,1,0,42,36,0.538461538,1,1
139,6,1,1,0,78,79,0.496815287,1,1
140,6,1,0,1,78,80,0.493670886,1,1
140,3,1,1,0,43,36,0.544303797,1,1
141,6,1,0,1,78,81,0.490566038,1,1
141,3,1,0,1,43,37,0.5375,1,1
142,6,1,0,1,78,82,0.4875,1,1
142,6,1,1,0,79,82,0.49068323,1,1
143,6,1,0,1,79,83,0.487654321,1,1
144,3,1,0,1,43,38,0.530864198,1,1
144,6,1,0,1,79,84,0.484662577,1,1
145,6,1,0,1,79,85,0.481707317,1,1
146,3,1,0,1,43,39,0.524390244,1,1
146,6,1,0,1,79,86,0.478787879,1,1
147,6,1,0,1,79,87,0.475903614,1,1
147,6,1,1,0,80,87,0.479041916,1,1
148,3,1,0,1,43,40,0.518072289,1,1
149,6,1,0,1,80,88,0.476190476,1,1
149,6,1,0,1,80,89,0.473372781,1,1
150,6,1,0,1,80,90,0.470588235,1,1
151,6,1,0,1,80,91,0.467836257,1,1
151,6,1,0,1,80,92,0.465116279,1,1
153,6,1,0,1,80,93,0.462427746,1,1
153,3,1,1,0,44,40,0.523809524,1,1
154,6,1,1,0,81,93,0.465517241,1,1
154,6,1,0,1,81,94,0.462857143,1,1
155,3,1,0,1,44,41,0.517647059,1,1
155,3,1,0,1,44,42,0.511627907,1,1
156,6,1,0,1,81,95,0.460227273,1,1
156,6,1,1,0,82,95,0.463276836,1,1
157,3,1,0,1,44,43,0.505747126,1,1
157,3,1,0,1,44,44,0.5,1,1
158,6,1,0,1,82,96,0.460674157,1,1
159,6,1,0,1,82,97,0.458100559,1,1
159,6,1,0,1,82,98,0.455555556,1,1
160,3,1,1,0,45,44,0.505617978,1,1
160,3,1,1,0,46,44,0.511111111,1,1
161,6,1,1,0,83,98,0.458563536,1,1
161,6,1,0,1,83,99,0.456043956,1,1
162,3,1,0,1,46,45,0.505494505,1,1
163,6,1,0,1,83,100,0.453551913,1,1
163,3,1,0,1,46,46,0.5,1,1
164,6,1,1,0,84,100,0.456521739,1,1
165,3,1,0,1,46,47,0.494623656,1,1
166,3,1,0,1,46,48,0.489361702,1,1
167,6,1,0,1,84,101,0.454054054,1,1
168,3,1,1,0,47,48,0.494736842,1,1
168,6,1,0,1,84,102,0.451612903,1,1
169,6,1,0,1,84,103,0.449197861,1,1
170,3,1,1,0,48,48,0.5,1,1
170,6,1,1,0,85,103,0.45212766,1,1
171,6,1,0,1,85,104,0.44973545,1,1
171,6,1,1,0,86,104,0.452631579,1,1
172,6,1,1,0,87,104,0.455497382,1,1
173,6,1,1,0,88,104,0.458333333,1,1
173,6,1,0,1,88,105,0.455958549,1,1
174,3,1,0,1,48,49,0.494845361,1,1
175,6,1,1,0,89,105,0.458762887,1,1
176,6,1,0,1,89,106,0.456410256,1,1
176,3,1,0,1,48,50,0.489795918,1,1
178,6,1,1,0,90,106,0.459183673,1,1
178,6,1,1,0,91,106,0.461928934,1,1
179,6,1,1,0,92,106,0.464646465,1,1
179,6,1,0,1,92,107,0.462311558,1,1
180,3,1,0,1,48,51,0.484848485,1,1
180,6,1,1,0,93,107,0.465,1,1
181,6,1,1,0,94,107,0.467661692,1,1
181,6,1,0,1,94,108,0.465346535,1,1
182,3,1,1,0,49,51,0.49,1,1
182,6,1,1,0,95,108,0.467980296,1,1
183,6,1,0,1,95,109,0.465686275,1,1
183,3,1,1,0,50,51,0.495049505,1,1
184,3,1,1,0,51,51,0.5,1,1
185,6,1,1,0,96,109,0.468292683,1,1
186,3,1,1,0,52,51,0.504854369,1,1
188,6,1,0,1,96,110,0.466019417,1,1
188,3,1,1,0,53,51,0.509615385,1,1
189,6,1,0,1,96,111,0.463768116,1,1
189,6,1,1,0,97,111,0.466346154,1,1
190,6,1,1,0,98,111,0.468899522,1,1
190,3,1,1,0,54,51,0.514285714,1,1
191,6,1,0,1,98,112,0.466666667,1,1
191,6,1,1,0,99,112,0.469194313,1,1
192,3,1,1,0,55,51,0.518867925,1,1
192,6,1,0,1,99,113,0.466981132,1,1
193,3,1,1,0,56,51,0.523364486,1,1
193,6,1,0,1,99,114,0.464788732,1,1
194,6,1,1,0,100,114,0.46728972,1,1
194,3,1,0,1,56,52,0.518518519,1,1
195,6,1,0,1,100,115,0.465116279,1,1
197,6,1,0,1,100,116,0.462962963,1,1
198,3,1,0,1,56,53,0.513761468,1,1
199,6,1,0,1,100,117,0.460829493,1,1
199,6,1,0,1,100,118,0.458715596,1,1
200,3,1,1,0,57,53,0.518181818,1,1
200,6,1,0,1,100,119,0.456621005,1,1
201,6,1,1,0,101,119,0.459090909,1,1
201,3,1,0,1,57,54,0.513513514,1,1
203,6,1,1,0,102,119,0.461538462,1,1
203,6,1,0,1,102,120,0.459459459,1,1
204,6,1,0,1,102,121,0.457399103,1,1
205,3,1,1,0,58,54,0.517857143,1,1
206,6,1,1,0,103,121,0.459821429,1,1
206,6,1,1,0,104,121,0.462222222,1,1
207,3,1,0,1,58,55,0.513274336,1,1
207,6,1,1,0,105,121,0.46460177,1,1
208,6,1,1,0,106,121,0.466960352,1,1
208,6,1,1,0,107,121,0.469298246,1,1
209,6,1,1,0,108,121,0.471615721,1,1
209,6,1,0,1,108,122,0.469565217,1,1
210,6,1,1,0,109,122,0.471861472,1,1
210,6,1,0,1,109,123,0.469827586,1,1
211,3,1,1,0,59,55,0.51754386,1,1
211,6,1,0,1,109,124,0.467811159,1,1
212,6,1,0,1,109,125,0.465811966,1,1
212,3,1,1,0,60,55,0.52173913,1,1
213,6,1,0,1,109,126,0.463829787,1,1
214,6,1,0,1,109,127,0.461864407,1,1
214,6,1,0,1,109,128,0.459915612,1,1
215,6,1,1,0,110,128,0.462184874,1,1
216,3,1,0,1,60,56,0.517241379,1,1
216,6,1,0,1,110,129,0.460251046,1,1
217,6,1,1,0,111,129,0.4625,1,1
217,3,1,1,0,61,56,0.521367521,1,1
218,6,1,0,1,111,130,0.460580913,1,1
218,6,1,0,1,111,131,0.458677686,1,1
219,3,1,0,1,61,57,0.516949153,1,1
219,6,1,1,0,112,131,0.46090535,1,1
220,3,1,0,1,61,58,0.512605042,1,1
220,6,1,0,1,112,132,0.459016393,1,1
221,3,1,1,0,62,58,0.516666667,1,1
221,6,1,1,0,113,132,0.46122449,1,1
222,3,1,0,1,62,59,0.512396694,1,1
223,6,1,0,1,113,133,0.459349593,1,1
224,3,1,1,0,63,59,0.516393443,1,1
224,6,1,1,0,114,133,0.461538462,1,1
225,6,1,0,1,114,134,0.459677419,1,1
226,3,1,0,1,63,60,0.512195122,1,1
227,6,1,0,1,114,135,0.457831325,1,1
227,3,1,1,0,64,60,0.516129032,1,1
228,6,1,1,0,115,135,0.46,1,1
228,3,1,1,0,65,60,0.52,1,1
230,6,1,0,1,115,136,0.458167331,1,1
230,6,1,1,0,116,136,0.46031746,1,1
231,3,1,0,1,65,61,0.515873016,1,1
231,6,1,1,0,117,136,0.462450593,1,1
232,6,1,1,0,118,136,0.464566929,1,1
233,3,1,0,1,65,62,0.511811024,1,1
235,3,1,0,1,65,63,0.5078125,1,1
235,6,1,1,0,119,136,0.466666667,1,1
236,6,1,0,1,119,137,0.46484375,1,1
237,3,1,0,1,65,64,0.503875969,1,1
239,6,1,1,0,120,137,0.46692607,1,1
239,3,1,0,1,65,65,0.5,1,1
240,6,1,0,1,120,138,0.465116279,1,1
240,6,1,1,0,121,138,0.467181467,1,1
241,3,1,0,1,65,66,0.496183206,1,1
241,6,1,1,0,122,138,0.469230769,1,1
242,3,1,1,0,66,66,0.5,1,1
243,6,1,1,0,123,138,0.471264368,1,1
243,6,1,1,0,124,138,0.473282443,1,1
244,3,1,0,1,66,67,0.496240602,1,1
245,6,1,0,1,124,139,0.47148289,1,1
245,6,1,1,0,125,139,0.473484848,1,1
246,6,1,1,0,126,139,0.475471698,1,1
247,3,1,0,1,66,68,0.492537313,1,1
247,6,1,0,1,126,140,0.473684211,1,1
248,6,1,1,0,127,140,0.475655431,1,1
248,3,1,0,1,66,69,0.488888889,1,1
249,3,1,1,0,67,69,0.492647059,1,1
250,6,1,1,0,128,140,0.47761194,1,1
250,6,1,1,0,129,140,0.479553903,1,1
251,3,1,1,0,68,69,0.496350365,1,1
251,6,1,0,1,129,141,0.477777778,1,1
252,3,1,0,1,68,70,0.492753623,1,1
253,6,1,1,0,130,141,0.479704797,1,1
253,3,1,1,0,69,70,0.496402878,1,1
254,6,1,0,1,130,142,0.477941176,1,1
254,6,1,0,1,130,143,0.476190476,1,1
255,3,1,1,0,70,70,0.5,1,1
255,6,1,0,1,130,144,0.474452555,1,1
256,6,1,0,1,130,145,0.472727273,1,1
256,3,1,0,1,70,71,0.496453901,1,1
257,6,1,0,1,130,146,0.471014493,1,1
258,6,1,1,0,131,146,0.472924188,1,1
259,3,1,1,0,71,71,0.5,1,1
259,6,1,0,1,131,147,0.471223022,1,1
260,3,1,0,1,71,72,0.496503497,1,1
261,6,1,0,1,131,148,0.46953405,1,1
262,6,1,0,1,131,149,0.467857143,1,1
264,3,1,0,1,71,73,0.493055556,1,1
264,6,1,0,1,131,150,0.466192171,1,1
265,6,1,1,0,132,150,0.468085106,1,1
265,3,1,1,0,72,73,0.496551724,1,1
266,6,1,1,0,133,150,0.469964664,1,1
267,6,1,0,1,133,151,0.468309859,1,1
267,6,1,1,0,134,151,0.470175439,1,1
268,6,1,1,0,135,151,0.472027972,1,1
269,6,1,0,1,135,152,0.470383275,1,1
269,3,1,0,1,72,74,0.493150685,1,1
270,6,1,1,0,136,152,0.472222222,1,1
270,6,1,0,1,136,153,0.470588235,1,1
272,6,1,1,0,137,153,0.472413793,1,1
272,6,1,0,1,137,154,0.470790378,1,1
273,3,1,0,1,72,75,0.489795918,1,1
273,6,1,1,0,138,154,0.47260274,1,1
274,6,1,1,0,139,154,0.47440273,1,1
274,3,1,0,1,72,76,0.486486486,1,1
275,6,1,0,1,139,155,0.472789116,1,1
276,3,1,0,1,72,77,0.483221477,1,1
276,6,1,1,0,140,155,0.474576271,1,1
277,6,1,0,1,140,156,0.472972973,1,1
277,6,1,1,0,141,156,0.474747475,1,1
278,3,1,0,1,72,78,0.48,1,1
278,6,1,0,1,141,157,0.473154362,1,1
279,6,1,1,0,142,157,0.474916388,1,1
279,6,1,1,0,143,157,0.476666667,1,1
280,3,1,0,1,72,79,0.476821192,1,1
281,6,1,1,0,144,157,0.478405316,1,1
281,3,1,1,0,73,79,0.480263158,1,1
282,6,1,1,0,145,157,0.48013245,1,1
283,6,1,0,1,145,158,0.478547855,1,1
284,6,1,0,1,145,159,0.476973684,1,1
284,3,1,1,0,74,79,0.483660131,1,1
285,6,1,1,0,146,159,0.478688525,1,1
286,6,1,0,1,146,160,0.477124183,1,1
286,3,1,0,1,74,80,0.480519481,1,1
287,6,1,1,0,147,160,0.478827362,1,1
287,6,1,1,0,148,160,0.480519481,1,1
288,3,1,1,0,75,80,0.483870968,1,1
288,6,1,1,0,149,160,0.482200647,1,1
289,6,1,1,0,150,160,0.483870968,1,1
289,3,1,1,0,76,80,0.487179487,1,1
290,6,1,0,1,150,161,0.482315113,1,1
291,6,1,0,1,150,162,0.480769231,1,1
291,3,1,1,0,77,80,0.49044586,1,1
292,6,1,0,1,150,163,0.479233227,1,1
293,3,1,1,0,78,80,0.493670886,1,1
293,6,1,0,1,150,164,0.477707006,1,1
294,6,1,1,0,151,164,0.479365079,1,1
294,6,1,0,1,151,165,0.477848101,1,1
295,6,1,1,0,152,165,0.479495268,1,1
295,3,1,0,1,78,81,0.490566038,1,1
296,6,1,0,1,152,166,0.477987421,1,1
296,6,1,1,0,153,166,0.479623824,1,1
297,3,1,1,0,79,81,0.49375,1,1
297,6,1,0,1,153,167,0.478125,1,1
298,6,1,0,1,153,168,0.476635514,1,1
298,6,1,1,0,154,168,0.47826087,1,1
299,6,1,0,1,154,169,0.476780186,1,1
300,3,1,1,0,80,81,0.49689441,1,1
300,6,1,0,1,154,170,0.475308642,1,1
301,3,1,1,0,81,81,0.5,1,1
302,6,1,1,0,155,170,0.476923077,1,1
303,3,1,1,0,82,81,0.503067485,1,1
303,6,1,1,0,156,170,0.478527607,1,1
304,3,1,1,0,83,81,0.506097561,1,1
304,6,1,1,0,157,170,0.480122324,1,1
305,3,1,1,0,84,81,0.509090909,1,1
305,6,1,1,0,158,170,0.481707317,1,1
306,6,1,0,1,158,171,0.480243161,1,1
308,3,1,1,0,85,81,0.512048193,1,1
308,6,1,0,1,158,172,0.478787879,1,1
309,3,1,1,0,86,81,0.51497006,1,1
310,6,1,1,0,159,172,0.480362538,1,1
311,3,1,0,1,86,82,0.511904762,1,1
312,6,1,1,0,160,172,0.481927711,1,1
312,6,1,0,1,160,173,0.48048048,1,1
313,6,1,1,0,161,173,0.482035928,1,1
314,6,1,1,0,162,173,0.48358209,1,1
314,3,1,1,0,87,82,0.514792899,1,1
315,6,1,1,0,163,173,0.485119048,1,1
315,6,1,0,1,163,174,0.483679525,1,1
316,3,1,1,0,88,82,0.517647059,1,1
317,6,1,0,1,163,175,0.482248521,1,1
317,3,1,1,0,89,82,0.520467836,1,1
318,6,1,1,0,164,175,0.483775811,1,1
319,6,1,0,1,164,176,0.482352941,1,1
320,3,1,1,0,90,82,0.523255814,1,1
320,6,1,1,0,165,176,0.483870968,1,1
321,6,1,0,1,165,177,0.48245614,1,1
322,3,1,1,0,91,82,0.526011561,1,1
322,6,1,1,0,166,177,0.483965015,1,1
323,6,1,0,1,166,178,0.48255814,1,1
324,3,1,0,1,91,83,0.522988506,1,1
324,6,1,0,1,166,179,0.48115942,1,1
325,6,1,1,0,167,179,0.48265896,1,1
325,6,1,1,0,168,179,0.484149856,1,1
326,3,1,1,0,92,83,0.525714286,1,1
328,6,1,0,1,168,180,0.482758621,1,1
328,3,1,1,0,93,83,0.528409091,1,1
329,3,1,1,0,94,83,0.531073446,1,1
329,6,1,1,0,169,180,0.484240688,1,1
330,6,1,0,1,169,181,0.482857143,1,1
330,3,1,1,0,95,83,0.533707865,1,1
331,6,1,0,1,169,182,0.481481481,1,1
332,6,1,1,0,170,182,0.482954545,1,1
332,3,1,1,0,96,83,0.536312849,1,1
333,3,1,1,0,97,83,0.538888889,1,1
333,6,1,0,1,170,183,0.481586402,1,1
334,6,1,1,0,171,183,0.483050847,1,1
335,3,1,0,1,97,84,0.535911602,1,1
335,6,1,1,0,172,183,0.484507042,1,1
336,3,1,0,1,97,85,0.532967033,1,1
337,6,1,0,1,172,184,0.483146067,1,1
337,6,1,1,0,173,184,0.484593838,1,1
338,3,1,0,1,97,86,0.530054645,1,1
339,6,1,1,0,174,184,0.48603352,1,1
339,6,1,0,1,174,185,0.484679666,1,1
340,3,1,0,1,97,87,0.527173913,1,1
341,6,1,0,1,174,186,0.483333333,1,1
341,6,1,1,0,175,186,0.484764543,1,1
342,6,1,0,1,175,187,0.483425414,1,1
343,3,1,1,0,98,87,0.52972973,1,1
343,6,1,1,0,176,187,0.484848485,1,1
344,3,1,1,0,99,87,0.532258065,1,1
344,6,1,1,0,177,187,0.486263736,1,1
346,3,1,1,0,100,87,0.534759358,1,1
347,6,1,0,1,177,188,0.484931507,1,1
347,6,1,0,1,177,189,0.483606557,1,1
349,3,1,0,1,100,88,0.531914894,1,1
350,6,1,0,1,177,190,0.482288828,1,1
350,6,1,0,1,177,191,0.480978261,1,1
351,3,1,1,0,101,88,0.534391534,1,1
352,6,1,0,1,177,192,0.479674797,1,1
352,6,1,0,1,177,193,0.478378378,1,1
353,3,1,0,1,101,89,0.531578947,1,1
354,6,1,1,0,178,193,0.479784367,1,1
354,6,1,1,0,179,193,0.481182796,1,1
356,3,1,1,0,102,89,0.534031414,1,1
356,6,1,1,0,180,193,0.482573727,1,1
357,6,1,1,0,181,193,0.483957219,1,1
357,6,1,1,0,182,193,0.485333333,1,1
358,6,1,0,1,182,194,0.484042553,1,1
358,3,1,0,1,102,90,0.53125,1,1
359,6,1,0,1,182,195,0.482758621,1,1
359,3,1,0,1,102,91,0.528497409,1,1
360,6,1,1,0,183,195,0.484126984,1,1
360,6,1,1,0,184,195,0.485488127,1,1
361,3,1,1,0,103,91,0.530927835,1,1
361,6,1,0,1,184,196,0.484210526,1,1
363,6,1,0,1,184,197,0.482939633,1,1
363,3,1,1,0,104,91,0.533333333,1,1
364,6,1,0,1,184,198,0.481675393,1,1
364,6,1,1,0,185,198,0.483028721,1,1
365,6,1,0,1,185,199,0.481770833,1,1
365,6,1,1,0,186,199,0.483116883,1,1
366,3,1,1,0,105,91,0.535714286,1,1
367,6,1,0,1,186,200,0.481865285,1,1
367,3,1,0,1,105,92,0.532994924,1,1
368,6,1,0,1,186,201,0.480620155,1,1
368,6,1,1,0,187,201,0.481958763,1,1
369,3,1,1,0,106,92,0.535353535,1,1
370,6,1,0,1,187,202,0.480719794,1,1
370,6,1,0,1,187,203,0.479487179,1,1
371,6,1,1,0,188,203,0.480818414,1,1
371,6,1,1,0,189,203,0.482142857,1,1
372,3,1,1,0,107,92,0.537688442,1,1
372,6,1,1,0,190,203,0.48346056,1,1
373,6,1,0,1,190,204,0.482233503,1,1
374,3,1,0,1,107,93,0.535,1,1
375,6,1,1,0,191,204,0.483544304,1,1
375,3,1,0,1,107,94,0.532338308,1,1
376,6,1,1,0,192,204,0.484848485,1,1
376,6,1,1,0,193,204,0.486146096,1,1
377,6,1,1,0,194,204,0.487437186,1,1
377,3,1,0,1,107,95,0.52970297,1,1
378,6,1,1,0,195,204,0.488721805,1,1
378,6,1,1,0,196,204,0.49,1,1
379,3,1,1,0,108,95,0.532019704,1,1
380,6,1,0,1,196,205,0.488778055,1,1
381,6,1,1,0,197,205,0.490049751,1,1
381,3,1,0,1,108,96,0.529411765,1,1
382,6,1,0,1,197,206,0.488833747,1,1
384,6,1,0,1,197,207,0.487623762,1,1
384,3,1,1,0,109,96,0.531707317,1,1
385,6,1,0,1,197,208,0.486419753,1,1
386,6,1,0,1,197,209,0.485221675,1,1
386,6,1,0,1,197,210,0.484029484,1,1
387,6,1,1,0,198,210,0.485294118,1,1
387,3,1,0,1,109,97,0.529126214,1,1
388,6,1,0,1,198,211,0.484107579,1,1
388,6,1,0,1,198,212,0.482926829,1,1
390,6,1,0,1,198,213,0.481751825,1,1
391,6,1,1,0,199,213,0.483009709,1,1
391,3,1,0,1,109,98,0.526570048,1,1
392,6,1,1,0,200,213,0.484261501,1,1
393,3,1,1,0,110,98,0.528846154,1,1
393,6,1,0,1,200,214,0.483091787,1,1
394,6,1,0,1,200,215,0.481927711,1,1
394,3,1,0,1,110,99,0.526315789,1,1
395,6,1,1,0,201,215,0.483173077,1,1
395,6,1,1,0,202,215,0.48441247,1,1
396,3,1,0,1,110,100,0.523809524,1,1
397,6,1,0,1,202,216,0.483253589,1,1
397,6,1,0,1,202,217,0.482100239,1,1
398,6,1,0,1,202,218,0.480952381,1,1
399,3,1,0,1,110,101,0.521327014,1,1
400,6,1,0,1,202,219,0.479809976,1,1
400,3,1,1,0,111,101,0.523584906,1,1
401,6,1,1,0,203,219,0.481042654,1,1
402,3,1,0,1,111,102,0.521126761,1,1
403,6,1,1,0,204,219,0.482269504,1,1
403,3,1,0,1,111,103,0.518691589,1,1
404,6,1,0,1,204,220,0.481132075,1,1
405,6,1,0,1,204,221,0.48,1,1
405,3,1,1,0,112,103,0.520930233,1,1
407,6,1,0,1,204,222,0.478873239,1,1
407,6,1,0,1,204,223,0.477751756,1,1
408,6,1,1,0,205,223,0.478971963,1,1
408,3,1,0,1,112,104,0.518518519,1,1
409,6,1,0,1,205,224,0.477855478,1,1
409,3,1,1,0,113,104,0.520737327,1,1
410,6,1,0,1,205,225,0.476744186,1,1
411,6,1,0,1,205,226,0.475638051,1,1
411,3,1,1,0,114,104,0.52293578,1,1
412,6,1,0,1,205,227,0.474537037,1,1
412,6,1,1,0,206,227,0.475750577,1,1
413,6,1,0,1,206,228,0.474654378,1,1
413,6,1,0,1,206,229,0.473563218,1,1
414,6,1,0,1,206,230,0.472477064,1,1
414,6,1,0,1,206,231,0.471395881,1,1
415,3,1,0,1,114,105,0.520547945,1,1
415,6,1,0,1,206,232,0.470319635,1,1
416,6,1,0,1,206,233,0.469248292,1,1
416,3,1,0,1,114,106,0.518181818,1,1
417,6,1,0,1,206,234,0.468181818,1,1
417,6,1,1,0,207,234,0.469387755,1,1
418,3,1,0,1,114,107,0.515837104,1,1
419,6,1,0,1,207,235,0.468325792,1,1
420,3,1,0,1,114,108,0.513513514,1,1
420,6,1,0,1,207,236,0.467268623,1,1
421,6,1,0,1,207,237,0.466216216,1,1
421,6,1,0,1,207,238,0.465168539,1,1
422,3,1,0,1,114,109,0.511210762,1,1
424,6,1,0,1,207,239,0.464125561,1,1
424,6,1,0,1,207,240,0.463087248,1,1
425,3,1,1,0,115,109,0.513392857,1,1
425,6,1,0,1,207,241,0.462053571,1,1
426,6,1,0,1,207,242,0.461024499,1,1
426,6,1,0,1,207,243,0.46,1,1
427,6,1,0,1,207,244,0.458980044,1,1
428,3,1,1,0,116,109,0.515555556,1,1
428,6,1,0,1,207,245,0.457964602,1,1
429,3,1,0,1,116,110,0.513274336,1,1
429,6,1,1,0,208,245,0.459161148,1,1
430,6,1,1,0,209,245,0.460352423,1,1
431,3,1,1,0,117,110,0.515418502,1,1
431,6,1,0,1,209,246,0.459340659,1,1
432,6,1,1,0,210,246,0.460526316,1,1
432,6,1,1,0,211,246,0.461706783,1,1
433,6,1,1,0,212,246,0.462882096,1,1
434,3,1,1,0,118,110,0.51754386,1,1
434,6,1,1,0,213,246,0.464052288,1,1
435,3,1,1,0,119,110,0.519650655,1,1
435,6,1,0,1,213,247,0.463043478,1,1
436,3,1,0,1,119,111,0.517391304,1,1
436,6,1,1,0,214,247,0.464208243,1,1
437,6,1,0,1,214,248,0.463203463,1,1
437,3,1,0,1,119,112,0.515151515,1,1
438,6,1,0,1,214,249,0.462203024,1,1
439,6,1,1,0,215,249,0.463362069,1,1
440,6,1,0,1,215,250,0.462365591,1,1
440,6,1,0,1,215,251,0.461373391,1,1
441,3,1,0,1,119,113,0.512931034,1,1
441,6,1,1,0,216,251,0.462526767,1,1
442,6,1,0,1,216,252,0.461538462,1,1
442,3,1,0,1,119,114,0.510729614,1,1
443,6,1,0,1,216,253,0.460554371,1,1
444,6,1,1,0,217,253,0.461702128,1,1
445,6,1,1,0,218,253,0.462845011,1,1
445,3,1,0,1,119,115,0.508547009,1,1
446,6,1,0,1,218,254,0.461864407,1,1
447,6,1,1,0,219,254,0.463002114,1,1
447,6,1,0,1,219,255,0.462025316,1,1
449,3,1,1,0,120,115,0.510638298,1,1
449,6,1,1,0,220,255,0.463157895,1,1
450,3,1,0,1,120,116,0.508474576,1,1
450,6,1,0,1,220,256,0.462184874,1,1
451,6,1,0,1,220,257,0.461215933,1,1
452,3,1,1,0,121,116,0.510548523,1,1
453,6,1,1,0,221,257,0.462343096,1,1
454,3,1,0,1,121,117,0.508403361,1,1
455,6,1,0,1,221,258,0.461377871,1,1
456,3,1,0,1,121,118,0.506276151,1,1
457,6,1,1,0,222,258,0.4625,1,1
459,3,1,0,1,121,119,0.504166667,1,1
460,6,1,1,0,223,258,0.463617464,1,1
460,3,1,0,1,121,120,0.502074689,1,1
461,6,1,0,1,223,259,0.462655602,1,1
461,6,1,0,1,223,260,0.461697723,1,1
462,3,1,0,1,121,121,0.5,1,1
463,6,1,1,0,224,260,0.462809917,1,1
464,3,1,1,0,122,121,0.502057613,1,1
465,6,1,0,1,224,261,0.46185567,1,1
465,3,1,1,0,123,121,0.504098361,1,1
466,6,1,1,0,225,261,0.462962963,1,1
467,3,1,0,1,123,122,0.502040816,1,1
467,6,1,1,0,226,261,0.464065708,1,1
468,6,1,1,0,227,261,0.465163934,1,1
469,3,1,0,1,123,123,0.5,1,1
469,6,1,0,1,227,262,0.464212679,1,1
470,6,1,1,0,228,262,0.465306122,1,1
470,6,1,1,0,229,262,0.466395112,1,1
471,3,1,1,0,124,123,0.502024291,1,1
471,6,1,1,0,230,262,0.467479675,1,1
473,3,1,1,0,125,123,0.504032258,1,1
473,6,1,0,1,230,263,0.46653144,1,1
474,3,1,1,0,126,123,0.506024096,1,1
475,6,1,0,1,230,264,0.465587045,1,1
475,3,1,1,0,127,123,0.508,1,1
476,3,1,1,0,128,123,0.509960159,1,1
476,6,1,1,0,231,264,0.466666667,1,1
477,6,1,0,1,231,265,0.465725806,1,1
478,3,1,0,1,128,124,0.507936508,1,1
478,6,1,1,0,232,265,0.466800805,1,1
479,6,1,1,0,233,265,0.467871486,1,1
479,6,1,0,1,233,266,0.466933868,1,1
480,6,1,0,1,233,267,0.466,1,1
480,6,1,0,1,233,268,0.46506986,1,1
481,3,1,1,0,129,124,0.509881423,1,1
481,6,1,0,1,233,269,0.464143426,1,1
482,6,1,1,0,234,269,0.465208748,1,1
482,3,1,1,0,130,124,0.511811024,1,1
483,6,1,0,1,234,270,0.464285714,1,1
483,6,1,1,0,235,270,0.465346535,1,1
484,6,1,1,0,236,270,0.466403162,1,1
484,3,1,1,0,131,124,0.51372549,1,1
485,6,1,1,0,237,270,0.467455621,1,1
485,6,1,0,1,237,271,0.466535433,1,1
486,3,1,1,0,132,124,0.515625,1,1
486,6,1,1,0,238,271,0.467583497,1,1
487,3,1,0,1,132,125,0.513618677,1,1
489,3,1,0,1,132,126,0.511627907,1,1
489,6,1,0,1,238,272,0.466666667,1,1
490,3,1,0,1,132,127,0.50965251,1,1
490,6,1,0,1,238,273,0.465753425,1,1
491,6,1,1,0,239,273,0.466796875,1,1
493,6,1,1,0,240,273,0.467836257,1,1
493,3,1,0,1,132,128,0.507692308,1,1
494,6,1,0,1,240,274,0.46692607,1,1
494,6,1,1,0,241,274,0.467961165,1,1
495,3,1,1,0,133,128,0.509578544,1,1
496,6,1,0,1,241,275,0.467054264,1,1
496,6,1,0,1,241,276,0.46615087,1,1
497,3,1,0,1,133,129,0.507633588,1,1
497,6,1,1,0,242,276,0.467181467,1,1
498,3,1,0,1,133,130,0.505703422,1,1
498,6,1,0,1,242,277,0.46628131,1,1
499,6,1,1,0,243,277,0.467307692,1,1
499,3,1,1,0,134,130,0.507575758,1,1
500,6,1,0,1,243,278,0.466410749,1,1
500,3,1,0,1,134,131,0.505660377,1,1
502,6,1,0,1,243,279,0.465517241,1,1
502,6,1,0,1,243,280,0.464627151,1,1
503,3,1,1,0,135,131,0.507518797,1,1
503,6,1,0,1,243,281,0.463740458,1,1
505,6,1,1,0,244,281,0.464761905,1,1
505,3,1,1,0,136,131,0.509363296,1,1
506,6,1,0,1,244,282,0.463878327,1,1
507,3,1,0,1,136,132,0.507462687,1,1
507,6,1,0,1,244,283,0.462998102,1,1
508,6,1,1,0,245,283,0.464015152,1,1
509,6,1,0,1,245,284,0.463137996,1,1
509,3,1,0,1,136,133,0.505576208,1,1
510,6,1,1,0,246,284,0.464150943,1,1
510,6,1,0,1,246,285,0.463276836,1,1
511,3,1,1,0,137,133,0.507407407,1,1
511,6,1,0,1,246,286,0.462406015,1,1
513,6,1,1,0,247,286,0.463414634,1,1
513,3,1,1,0,138,133,0.509225092,1,1
515,6,1,1,0,248,286,0.464419476,1,1
515,6,1,0,1,248,287,0.463551402,1,1
516,3,1,0,1,138,134,0.507352941,1,1
516,6,1,1,0,249,287,0.464552239,1,1
517,3,1,1,0,139,134,0.509157509,1,1
518,6,1,1,0,250,287,0.465549348,1,1
518,3,1,1,0,140,134,0.510948905,1,1
519,6,1,0,1,250,288,0.464684015,1,1
519,3,1,0,1,140,135,0.509090909,1,1
520,6,1,0,1,250,289,0.463821892,1,1
520,3,1,0,1,140,136,0.507246377,1,1
521,6,1,0,1,250,290,0.462962963,1,1
521,3,1,1,0,141,136,0.509025271,1,1
522,6,1,1,0,251,290,0.463955638,1,1
524,6,1,0,1,251,291,0.463099631,1,1
524,3,1,0,1,141,137,0.507194245,1,1
525,6,1,1,0,252,291,0.464088398,1,1
525,3,1,1,0,142,137,0.508960573,1,1
526,6,1,0,1,252,292,0.463235294,1,1
526,6,1,0,1,252,293,0.462385321,1,1
527,3,1,1,0,143,137,0.510714286,1,1
527,6,1,1,0,253,293,0.463369963,1,1
528,6,1,1,0,254,293,0.464351005,1,1
529,3,1,1,0,144,137,0.512455516,1,1
529,6,1,1,0,255,293,0.465328467,1,1
530,6,1,1,0,256,293,0.466302368,1,1
531,3,1,0,1,144,138,0.510638298,1,1
531,6,1,1,0,257,293,0.467272727,1,1
532,6,1,0,1,257,294,0.466424682,1,1
532,6,1,1,0,258,294,0.467391304,1,1
533,6,1,1,0,259,294,0.46835443,1,1
533,3,1,0,1,144,139,0.508833922,1,1
535,6,1,0,1,259,295,0.467509025,1,1
535,3,1,1,0,145,139,0.51056338,1,1
537,6,1,1,0,260,295,0.468468468,1,1
537,6,1,1,0,261,295,0.46942446,1,1
538,6,1,0,1,261,296,0.468581688,1,1
539,6,1,1,0,262,296,0.46953405,1,1
539,3,1,0,1,145,140,0.50877193,1,1
540,3,1,0,1,145,141,0.506993007,1,1
540,6,1,0,1,262,297,0.468694097,1,1
541,6,1,1,0,263,297,0.469642857,1,1
542,3,1,1,0,146,141,0.508710801,1,1
542,6,1,1,0,264,297,0.470588235,1,1
543,6,1,1,0,265,297,0.471530249,1,1
544,3,1,0,1,146,142,0.506944444,1,1
544,6,1,0,1,265,298,0.470692718,1,1
545,6,1,0,1,265,299,0.469858156,1,1
546,6,1,1,0,266,299,0.47079646,1,1
547,3,1,0,1,146,143,0.505190311,1,1
547,6,1,0,1,266,300,0.469964664,1,1
548,3,1,1,0,147,143,0.506896552,1,1
548,6,1,1,0,267,300,0.470899471,1,1
549,6,1,0,1,267,301,0.470070423,1,1
550,3,1,1,0,148,143,0.508591065,1,1
551,6,1,1,0,268,301,0.471001757,1,1
551,6,1,0,1,268,302,0.470175439,1,1
552,6,1,1,0,269,302,0.471103327,1,1
553,3,1,1,0,149,143,0.510273973,1,1
554,6,1,0,1,269,303,0.47027972,1,1
555,6,1,1,0,270,303,0.471204188,1,1
555,3,1,1,0,150,143,0.511945392,1,1
556,6,1,0,1,270,304,0.470383275,1,1
556,6,1,1,0,271,304,0.471304348,1,1
557,3,1,0,1,150,144,0.510204082,1,1
558,6,1,1,0,272,304,0.472222222,1,1
558,3,1,0,1,150,145,0.508474576,1,1
559,6,1,1,0,273,304,0.473136915,1,1
559,3,1,0,1,150,146,0.506756757,1,1
560,6,1,1,0,274,304,0.474048443,1,1
560,6,1,0,1,274,305,0.473229706,1,1
561,3,1,0,1,150,147,0.505050505,1,1
561,6,1,0,1,274,306,0.472413793,1,1
562,6,1,0,1,274,307,0.471600688,1,1
562,6,1,0,1,274,308,0.470790378,1,1
563,6,1,0,1,274,309,0.469982847,1,1
563,3,1,1,0,151,147,0.506711409,1,1
564,6,1,1,0,275,309,0.470890411,1,1
565,6,1,1,0,276,309,0.471794872,1,1
565,3,1,0,1,151,148,0.505016722,1,1
566,3,1,0,1,151,149,0.503333333,1,1
567,6,1,1,0,277,309,0.472696246,1,1
567,6,1,1,0,278,309,0.473594549,1,1
568,6,1,0,1,278,310,0.472789116,1,1
568,3,1,1,0,152,149,0.504983389,1,1
569,6,1,1,0,279,310,0.473684211,1,1
569,6,1,0,1,279,311,0.472881356,1,1
570,3,1,1,0,153,149,0.506622517,1,1
571,6,1,0,1,279,312,0.472081218,1,1
571,6,1,0,1,279,313,0.471283784,1,1
572,3,1,1,0,154,149,0.508250825,1,1
572,6,1,0,1,279,314,0.470489039,1,1
573,6,1,0,1,279,315,0.46969697,1,1
574,3,1,1,0,155,149,0.509868421,1,1
574,6,1,0,1,279,316,0.468907563,1,1
575,3,1,0,1,155,150,0.508196721,1,1
575,6,1,1,0,280,316,0.469798658,1,1
576,6,1,0,1,280,317,0.469011725,1,1
576,3,1,1,0,156,150,0.509803922,1,1
577,6,1,1,0,281,317,0.469899666,1,1
577,6,1,1,0,282,317,0.470784641,1,1
578,3,1,1,0,157,150,0.511400651,1,1
579,6,1,1,0,283,317,0.471666667,1,1
580,6,1,1,0,284,317,0.472545757,1,1
580,3,1,0,1,157,151,0.50974026,1,1
581,6,1,0,1,284,318,0.471760797,1,1
582,3,1,1,0,158,151,0.511326861,1,1
582,6,1,0,1,284,319,0.470978441,1,1
583,3,1,1,0,159,151,0.512903226,1,1
583,6,1,0,1,284,320,0.470198675,1,1
584,6,1,1,0,285,320,0.47107438,1,1
584,3,1,0,1,159,152,0.511254019,1,1
585,6,1,0,1,285,321,0.47029703,1,1
585,6,1,0,1,285,322,0.469522241,1,1
586,3,1,1,0,160,152,0.512820513,1,1
587,6,1,0,1,285,323,0.46875,1,1
587,3,1,0,1,160,153,0.511182109,1,1
588,6,1,0,1,285,324,0.467980296,1,1
588,6,1,1,0,286,324,0.468852459,1,1
589,6,1,0,1,286,325,0.468085106,1,1
590,6,1,1,0,287,325,0.468954248,1,1
590,3,1,0,1,160,154,0.50955414,1,1
591,6,1,0,1,287,326,0.468189233,1,1
592,6,1,1,0,288,326,0.469055375,1,1
592,3,1,1,0,161,154,0.511111111,1,1
593,6,1,1,0,289,326,0.469918699,1,1
594,3,1,0,1,161,155,0.509493671,1,1
594,6,1,1,0,290,326,0.470779221,1,1
595,3,1,0,1,161,156,0.507886435,1,1
596,6,1,0,1,290,327,0.470016207,1,1
596,3,1,0,1,161,157,0.506289308,1,1
597,6,1,1,0,291,327,0.470873786,1,1
597,6,1,1,0,292,327,0.471728595,1,1
598,6,1,1,0,293,327,0.472580645,1,1
598,6,1,1,0,294,327,0.473429952,1,1
599,6,1,1,0,295,327,0.474276527,1,1
599,6,1,1,0,296,327,0.475120385,1,1
600,3,1,1,0,162,157,0.507836991,1,1
601,6,1,0,1,296,328,0.474358974,1,1
602,3,1,1,0,163,157,0.509375,1,1
602,6,1,0,1,296,329,0.4736,1,1
603,3,1,1,0,164,157,0.510903427,1,1
603,6,1,0,1,296,330,0.47284345,1,1
604,3,1,1,0,165,157,0.51242236,1,1
605,6,1,1,0,297,330,0.473684211,1,1
606,3,1,1,0,166,157,0.513931889,1,1
606,6,1,0,1,297,331,0.472929936,1,1
607,6,1,1,0,298,331,0.473767886,1,1
608,6,1,0,1,298,332,0.473015873,1,1
608,3,1,1,0,167,157,0.515432099,1,1
609,6,1,0,1,298,333,0.472266244,1,1
609,6,1,0,1,298,334,0.471518987,1,1
610,6,1,0,1,298,335,0.470774092,1,1
610,6,1,1,0,299,335,0.471608833,1,1
611,6,1,0,1,299,336,0.470866142,1,1
611,3,1,0,1,167,158,0.513846154,1,1
612,6,1,0,1,299,337,0.470125786,1,1
614,6,1,0,1,299,338,0.469387755,1,1
614,6,1,0,1,299,339,0.468652038,1,1
615,6,1,0,1,299,340,0.467918623,1,1
617,3,1,0,1,167,159,0.512269939,1,1
617,6,1,1,0,300,340,0.46875,1,1
618,6,1,0,1,300,341,0.468018721,1,1
619,6,1,0,1,300,342,0.46728972,1,1
620,6,1,0,1,300,343,0.466562986,1,1
620,3,1,1,0,168,159,0.513761468,1,1
621,6,1,0,1,300,344,0.465838509,1,1
621,6,1,0,1,300,345,0.465116279,1,1
622,6,1,0,1,300,346,0.464396285,1,1
623,3,1,0,1,168,160,0.512195122,1,1
624,6,1,1,0,301,346,0.465224111,1,1
624,6,1,1,0,302,346,0.466049383,1,1
625,3,1,1,0,169,160,0.513677812,1,1
625,6,1,1,0,303,346,0.466872111,1,1
627,3,1,0,1,169,161,0.512121212,1,1
627,6,1,0,1,303,347,0.466153846,1,1
628,6,1,0,1,303,348,0.465437788,1,1
629,6,1,1,0,304,348,0.466257669,1,1
629,6,1,0,1,304,349,0.465543645,1,1
630,3,1,1,0,170,161,0.513595166,1,1
631,6,1,0,1,304,350,0.464831804,1,1
632,6,1,1,0,305,350,0.465648855,1,1
632,3,1,0,1,170,162,0.512048193,1,1
633,6,1,1,0,306,350,0.466463415,1,1
634,6,1,1,0,307,350,0.467275495,1,1
635,3,1,1,0,171,162,0.513513514,1,1
636,6,1,0,1,307,351,0.46656535,1,1
637,3,1,0,1,171,163,0.511976048,1,1
637,6,1,1,0,308,351,0.46737481,1,1
638,6,1,0,1,308,352,0.466666667,1,1
641,3,1,0,1,171,164,0.510447761,1,1
642,6,1,1,0,309,352,0.467473525,1,1
643,3,1,1,0,172,164,0.511904762,1,1
644,6,1,0,1,309,353,0.466767372,1,1
644,6,1,1,0,310,353,0.467571644,1,1
645,3,1,0,1,172,165,0.510385757,1,1
645,6,1,0,1,310,354,0.46686747,1,1
646,6,1,1,0,311,354,0.467669173,1,1
646,3,1,1,0,173,165,0.51183432,1,1
648,3,1,0,1,173,166,0.510324484,1,1
648,6,1,1,0,312,354,0.468468468,1,1
649,6,1,0,1,312,355,0.467766117,1,1
649,3,1,1,0,174,166,0.511764706,1,1
650,6,1,1,0,313,355,0.468562874,1,1
650,3,1,0,1,174,167,0.51026393,1,1
651,6,1,0,1,313,356,0.467862481,1,1
651,6,1,0,1,313,357,0.467164179,1,1
652,3,1,1,0,175,167,0.511695906,1,1
652,6,1,1,0,314,357,0.467958271,1,1
653,6,1,0,1,314,358,0.467261905,1,1
653,3,1,1,0,176,167,0.513119534,1,1
654,6,1,1,0,315,358,0.468053492,1,1
655,3,1,0,1,176,168,0.511627907,1,1
655,6,1,1,0,316,358,0.46884273,1,1
656,6,1,0,1,316,359,0.468148148,1,1
656,3,1,1,0,177,168,0.513043478,1,1
657,6,1,1,0,317,359,0.468934911,1,1
657,6,1,1,0,318,359,0.46971935,1,1
658,3,1,0,1,177,169,0.511560694,1,1
658,6,1,1,0,319,359,0.470501475,1,1
659,3,1,0,1,177,170,0.510086455,1,1
662,6,1,0,1,319,360,0.469808542,1,1
662,3,1,0,1,177,171,0.50862069,1,1
663,6,1,1,0,320,360,0.470588235,1,1
664,6,1,1,0,321,360,0.471365639,1,1
664,3,1,1,0,178,171,0.510028653,1,1
666,6,1,1,0,322,360,0.472140762,1,1
667,3,1,1,0,179,171,0.511428571,1,1
668,6,1,0,1,322,361,0.471449488,1,1
669,6,1,0,1,322,362,0.470760234,1,1
669,3,1,1,0,180,171,0.512820513,1,1
670,6,1,0,1,322,363,0.470072993,1,1
670,6,1,1,0,323,363,0.470845481,1,1
671,6,1,0,1,323,364,0.470160116,1,1
671,3,1,0,1,180,172,0.511363636,1,1
672,6,1,1,0,324,364,0.470930233,1,1
673,3,1,0,1,180,173,0.509915014,1,1
673,6,1,1,0,325,364,0.471698113,1,1
674,6,1,1,0,326,364,0.472463768,1,1
674,3,1,1,0,181,173,0.511299435,1,1
675,6,1,0,1,326,365,0.471780029,1,1
675,3,1,0,1,181,174,0.509859155,1,1
676,6,1,1,0,327,365,0.472543353,1,1
677,3,1,0,1,181,175,0.508426966,1,1
677,6,1,0,1,327,366,0.471861472,1,1
678,6,1,1,0,328,366,0.472622478,1,1
679,6,1,0,1,328,367,0.471942446,1,1
680,6,1,0,1,328,368,0.471264368,1,1
680,3,1,1,0,182,175,0.509803922,1,1
681,6,1,0,1,328,369,0.470588235,1,1
681,6,1,1,0,329,369,0.471346705,1,1
682,3,1,1,0,183,175,0.511173184,1,1
683,6,1,1,0,330,369,0.472103004,1,1
683,6,1,0,1,330,370,0.471428571,1,1
684,3,1,1,0,184,175,0.512534819,1,1
684,6,1,0,1,330,371,0.470756063,1,1
685,6,1,1,0,331,371,0.471509972,1,1
686,3,1,0,1,184,176,0.511111111,1,1
686,6,1,0,1,331,372,0.47083926,1,1
687,6,1,0,1,331,373,0.470170455,1,1
688,6,1,1,0,332,373,0.470921986,1,1
689,6,1,0,1,332,374,0.470254958,1,1
689,3,1,1,0,185,176,0.512465374,1,1
690,6,1,1,0,333,374,0.471004243,1,1
690,6,1,1,0,334,374,0.471751412,1,1
691,3,1,0,1,185,177,0.511049724,1,1
691,6,1,0,1,334,375,0.471086037,1,1
692,6,1,1,0,335,375,0.471830986,1,1
692,6,1,1,0,336,375,0.47257384,1,1
693,6,1,1,0,337,375,0.473314607,1,1
693,3,1,0,1,185,178,0.509641873,1,1
694,6,1,0,1,337,376,0.472650771,1,1
695,6,1,0,1,337,377,0.471988796,1,1
695,3,1,1,0,186,178,0.510989011,1,1
696,6,1,0,1,337,378,0.471328671,1,1
696,6,1,1,0,338,378,0.472067039,1,1
698,3,1,1,0,187,178,0.512328767,1,1
698,6,1,0,1,338,379,0.471408647,1,1
699,3,1,0,1,187,179,0.510928962,1,1
700,6,1,0,1,338,380,0.470752089,1,1
700,3,1,0,1,187,180,0.509536785,1,1
701,6,1,1,0,339,380,0.471488178,1,1
701,6,1,0,1,339,381,0.470833333,1,1
704,6,1,1,0,340,381,0.471567268,1,1
704,6,1,0,1,340,382,0.470914127,1,1
705,6,1,0,1,340,383,0.470262794,1,1
705,6,1,1,0,341,383,0.470994475,1,1
706,6,1,1,0,342,383,0.471724138,1,1
708,6,1,1,0,343,383,0.472451791,1,1
709,6,1,1,0,344,383,0.473177442,1,1
710,6,1,0,1,344,384,0.472527473,1,1
710,3,1,1,0,188,180,0.510869565,1,1
711,6,1,0,1,344,385,0.471879287,1,1
712,6,1,1,0,345,385,0.47260274,1,1
712,3,1,1,0,189,180,0.512195122,1,1
713,6,1,0,1,345,386,0.471956224,1,1
714,3,1,1,0,190,180,0.513513514,1,1
715,6,1,1,0,346,386,0.472677596,1,1
716,6,1,1,0,347,386,0.473396999,1,1
717,6,1,0,1,347,387,0.472752044,1,1
718,3,1,0,1,190,181,0.51212938,1,1
719,6,1,1,0,348,387,0.473469388,1,1
721,6,1,1,0,349,387,0.474184783,1,1
722,6,1,1,0,350,387,0.474898236,1,1
723,3,1,0,1,190,182,0.510752688,1,1
724,6,1,0,1,350,388,0.474254743,1,1
727,6,1,0,1,350,389,0.473612991,1,1
728,6,1,0,1,350,390,0.472972973,1,1
731,6,1,1,0,351,390,0.473684211,1,1
732,3,1,1,0,191,182,0.512064343,1,1
733,6,1,0,1,351,391,0.473045822,1,1
735,3,1,0,1,191,183,0.510695187,1,1
736,6,1,0,1,351,392,0.472409152,1,1
738,3,1,1,0,192,183,0.512,1,1
739,6,1,1,0,352,392,0.47311828,1,1
740,6,1,1,0,353,392,0.473825503,1,1
741,3,1,1,0,193,183,0.513297872,1,1
742,6,1,0,1,353,393,0.473190349,1,1
743,6,1,0,1,353,394,0.472556894,1,1
744,3,1,1,0,194,183,0.514588859,1,1
745,6,1,0,1,353,395,0.471925134,1,1
746,6,1,1,0,354,395,0.472630174,1,1
747,3,1,0,1,194,184,0.513227513,1,1
748,6,1,1,0,355,395,0.473333333,1,1
751,6,1,0,1,355,396,0.472703063,1,1
752,3,1,1,0,195,184,0.514511873,1,1
753,6,1,1,0,356,396,0.473404255,1,1
754,6,1,0,1,356,397,0.472775564,1,1
755,3,1,0,1,195,185,0.513157895,1,1
756,6,1,1,0,357,397,0.473474801,1,1
757,6,1,1,0,358,397,0.474172185,1,1
758,3,1,1,0,196,185,0.514435696,1,1
759,6,1,1,0,359,397,0.474867725,1,1
763,6,1,0,1,359,398,0.474240423,1,1
764,6,1,0,1,359,399,0.473614776,1,1
765,3,1,1,0,197,185,0.515706806,1,1
766,6,1,0,1,359,400,0.472990777,1,1
767,6,1,0,1,359,401,0.472368421,1,1
769,3,1,0,1,197,186,0.514360313,1,1
770,6,1,0,1,359,402,0.4717477,1,1
772,3,1,1,0,198,186,0.515625,1,1
773,6,1,1,0,360,402,0.472440945,1,1
774,3,1,0,1,198,187,0.514285714,1,1
776,6,1,0,1,360,403,0.471821756,1,1
777,3,1,1,0,199,187,0.515544041,1,1
778,6,1,0,1,360,404,0.471204188,1,1
780,6,1,0,1,360,405,0.470588235,1,1
782,3,1,0,1,199,188,0.514211886,1,1
783,6,1,0,1,360,406,0.46997389,1,1
784,3,1,0,1,199,189,0.512886598,1,1
786,6,1,1,0,361,406,0.470664928,1,1
788,3,1,1,0,200,189,0.514138817,1,1
789,6,1,0,1,361,407,0.470052083,1,1
790,3,1,1,0,201,189,0.515384615,1,1
791,6,1,0,1,361,408,0.469440832,1,1
792,6,1,1,0,362,408,0.47012987,1,1
794,6,1,1,0,363,408,0.470817121,1,1
795,6,1,1,0,364,408,0.471502591,1,1
796,6,1,1,0,365,408,0.472186287,1,1
797,6,1,1,0,366,408,0.472868217,1,1
800,3,1,0,1,201,190,0.514066496,1,1
801,6,1,1,0,367,408,0.473548387,1,1
802,6,1,1,0,368,408,0.474226804,1,1
804,3,1,0,1,201,191,0.512755102,1,1
806,6,1,0,1,368,409,0.473616474,1,1
807,6,1,1,0,369,409,0.474293059,1,1
808,3,1,1,0,202,191,0.513994911,1,1
809,6,1,1,0,370,409,0.474967908,1,1
810,6,1,1,0,371,409,0.475641026,1,1
811,6,1,0,1,371,410,0.47503201,1,1
812,6,1,0,1,371,411,0.474424552,1,1
813,3,1,1,0,203,191,0.515228426,1,1
816,6,1,0,1,371,412,0.473818646,1,1
817,3,1,1,0,204,191,0.516455696,1,1
819,6,1,1,0,372,412,0.474489796,1,1
822,6,1,0,1,372,413,0.47388535,1,1
823,3,1,1,0,205,191,0.517676768,1,1
824,6,1,0,1,372,414,0.473282443,1,1
825,6,1,1,0,373,414,0.473951715,1,1
827,3,1,0,1,205,192,0.516372796,1,1
828,6,1,1,0,374,414,0.474619289,1,1
829,3,1,1,0,206,192,0.51758794,1,1
830,6,1,0,1,374,415,0.474017744,1,1
831,3,1,0,1,206,193,0.516290727,1,1
832,6,1,0,1,374,416,0.473417722,1,1
833,6,1,1,0,375,416,0.474083439,1,1
835,3,1,1,0,207,193,0.5175,1,1
837,6,1,0,1,375,417,0.473484848,1,1
838,6,1,1,0,376,417,0.474148802,1,1
839,6,1,0,1,376,418,0.473551637,1,1
840,3,1,0,1,207,194,0.516209476,1,1
842,6,1,1,0,377,418,0.474213836,1,1
843,3,1,0,1,207,195,0.514925373,1,1
844,6,1,0,1,377,419,0.47361809,1,1
845,6,1,1,0,378,419,0.474278545,1,1
846,3,1,0,1,207,196,0.513647643,1,1
848,6,1,0,1,378,420,0.473684211,1,1
849,6,1,1,0,379,420,0.474342929,1,1
850,6,1,1,0,380,420,0.475,1,1
851,6,1,1,0,381,420,0.475655431,1,1
852,3,1,1,0,208,196,0.514851485,1,1
853,6,1,0,1,381,421,0.475062344,1,1
854,6,1,0,1,381,422,0.474470735,1,1
855,6,1,1,0,382,422,0.475124378,1,1
856,3,1,1,0,209,196,0.516049383,1,1
857,3,1,0,1,209,197,0.514778325,1,1
859,6,1,1,0,383,422,0.475776398,1,1
860,6,1,0,1,383,423,0.475186104,1,1
861,3,1,0,1,209,198,0.513513514,1,1
863,6,1,1,0,384,423,0.475836431,1,1
864,6,1,1,0,385,423,0.476485149,1,1
865,6,1,0,1,385,424,0.475896168,1,1
866,6,1,1,0,386,424,0.47654321,1,1
869,3,1,1,0,210,198,0.514705882,1,1
870,6,1,1,0,387,424,0.477188656,1,1
871,6,1,0,1,387,425,0.476600985,1,1
873,6,1,1,0,388,425,0.477244772,1,1
874,3,1,0,1,210,199,0.513447433,1,1
876,6,1,1,0,389,425,0.477886978,1,1
877,6,1,1,0,390,425,0.478527607,1,1
879,3,1,1,0,211,199,0.514634146,1,1
880,6,1,0,1,390,426,0.477941176,1,1
881,6,1,0,1,390,427,0.477356181,1,1
882,6,1,1,0,391,427,0.47799511,1,1
883,3,1,1,0,212,199,0.515815085,1,1
884,6,1,0,1,391,428,0.477411477,1,1
886,6,1,1,0,392,428,0.47804878,1,1
888,3,1,0,1,212,200,0.514563107,1,1
889,6,1,0,1,392,429,0.477466504,1,1
891,3,1,0,1,212,201,0.513317191,1,1
892,6,1,1,0,393,429,0.47810219,1,1
893,6,1,1,0,394,429,0.47873633,1,1
894,3,1,1,0,213,201,0.514492754,1,1
895,6,1,1,0,395,429,0.479368932,1,1
897,6,1,0,1,395,430,0.478787879,1,1
898,3,1,0,1,213,202,0.513253012,1,1
900,6,1,0,1,395,431,0.478208232,1,1
901,6,1,1,0,396,431,0.478839178,1,1
903,6,1,1,0,397,431,0.479468599,1,1
904,6,1,1,0,398,431,0.480096502,1,1
906,3,1,0,1,213,203,0.512019231,1,1
907,6,1,0,1,398,432,0.479518072,1,1
908,3,1,0,1,213,204,0.510791367,1,1
909,6,1,1,0,399,432,0.480144404,1,1
910,3,1,0,1,213,205,0.509569378,1,1
911,6,1,0,1,399,433,0.479567308,1,1
912,6,1,0,1,399,434,0.478991597,1,1
913,3,1,1,0,214,205,0.510739857,1,1
914,6,1,1,0,400,434,0.479616307,1,1
915,3,1,0,1,214,206,0.50952381,1,1
916,6,1,1,0,401,434,0.480239521,1,1
917,6,1,0,1,401,435,0.479665072,1,1
918,6,1,1,0,402,435,0.480286738,1,1
919,6,1,0,1,402,436,0.479713604,1,1
921,3,1,1,0,215,206,0.510688836,1,1
923,6,1,1,0,403,436,0.480333731,1,1
924,6,1,0,1,403,437,0.479761905,1,1
925,3,1,0,1,215,207,0.509478673,1,1
926,3,1,1,0,216,207,0.510638298,1,1
927,6,1,0,1,403,438,0.479191439,1,1
928,6,1,0,1,403,439,0.478622328,1,1
929,3,1,1,0,217,207,0.511792453,1,1
930,6,1,0,1,403,440,0.478054567,1,1
931,6,1,0,1,403,441,0.477488152,1,1
933,6,1,0,1,403,442,0.476923077,1,1
935,6,1,0,1,403,443,0.476359338,1,1
936,3,1,0,1,217,208,0.510588235,1,1
937,6,1,1,0,404,443,0.476977568,1,1
938,6,1,0,1,404,444,0.476415094,1,1
939,3,1,0,1,217,209,0.509389671,1,1
940,6,1,1,0,405,444,0.477031802,1,1
942,3,1,1,0,218,209,0.510538642,1,1
943,6,1,0,1,405,445,0.476470588,1,1
944,6,1,0,1,405,446,0.475910693,1,1
945,3,1,1,0,219,209,0.511682243,1,1
946,6,1,0,1,405,447,0.475352113,1,1
947,3,1,1,0,220,209,0.512820513,1,1
948,6,1,1,0,406,447,0.475967175,1,1
949,3,1,1,0,221,209,0.513953488,1,1
951,3,1,1,0,222,209,0.515081206,1,1
952,6,1,1,0,407,447,0.476580796,1,1
953,3,1,1,0,223,209,0.516203704,1,1
955,6,1,0,1,407,448,0.476023392,1,1
956,6,1,0,1,407,449,0.47546729,1,1
958,3,1,1,0,224,209,0.517321016,1,1
959,6,1,1,0,408,449,0.476079347,1,1
960,6,1,1,0,409,449,0.476689977,1,1
961,3,1,1,0,225,209,0.51843318,1,1
962,3,1,1,0,226,209,0.51954023,1,1
964,6,1,0,1,409,450,0.476135041,1,1
965,6,1,0,1,409,451,0.475581395,1,1
967,3,1,1,0,227,209,0.520642202,1,1
968,6,1,0,1,409,452,0.475029036,1,1
969,6,1,0,1,409,453,0.474477958,1,1
970,6,1,1,0,410,453,0.475086906,1,1
972,3,1,0,1,227,210,0.519450801,1,1
974,6,1,0,1,410,454,0.474537037,1,1
975,6,1,1,0,411,454,0.475144509,1,1
976,3,1,1,0,228,210,0.520547945,1,1
977,6,1,1,0,412,454,0.475750577,1,1
978,6,1,1,0,413,454,0.476355248,1,1
979,3,1,1,0,229,210,0.521640091,1,1
980,6,1,0,1,413,455,0.475806452,1,1
982,6,1,0,1,413,456,0.475258918,1,1
983,3,1,0,1,229,211,0.520454545,1,1
984,6,1,1,0,414,456,0.475862069,1,1
985,6,1,1,0,415,456,0.476463835,1,1
986,3,1,0,1,229,212,0.519274376,1,1
988,3,1,0,1,229,213,0.518099548,1,1
989,6,1,0,1,415,457,0.475917431,1,1
990,3,1,1,0,230,213,0.519187359,1,1
992,6,1,1,0,416,457,0.476517755,1,1
993,3,1,1,0,231,213,0.52027027,1,1
995,6,1,1,0,417,457,0.477116705,1,1
997,6,1,0,1,417,458,0.476571429,1,1
998,3,1,1,0,232,213,0.521348315,1,1
1000,6,1,1,0,418,458,0.47716895,1,1
1001,6,1,0,1,418,459,0.476624857,1,1
1002,3,1,1,0,233,213,0.522421525,1,1
1003,6,1,1,0,419,459,0.477220957,1,1
1004,6,1,1,0,420,459,0.4778157,1,1
1005,6,1,0,1,420,460,0.477272727,1,1
1006,3,1,0,1,233,214,0.521252796,1,1
1007,6,1,0,1,420,461,0.476730988,1,1
1008,6,1,1,0,421,461,0.477324263,1,1
1009,3,1,1,0,234,214,0.522321429,1,1
1010,6,1,1,0,422,461,0.477916195,1,1
1011,3,1,0,1,234,215,0.521158129,1,1
1012,3,1,0,1,234,216,0.52,1,1
1013,6,1,0,1,422,462,0.477375566,1,1
1014,6,1,1,0,423,462,0.477966102,1,1
1016,6,1,1,0,424,462,0.478555305,1,1
1018,6,1,1,0,425,462,0.479143179,1,1
1020,3,1,1,0,235,216,0.521064302,1,1
1021,6,1,1,0,426,462,0.47972973,1,1
1022,3,1,1,0,236,216,0.522123894,1,1
1024,6,1,0,1,426,463,0.479190101,1,1
1026,6,1,0,1,426,464,0.478651685,1,1
1027,6,1,0,1,426,465,0.478114478,1,1
1028,6,1,0,1,426,466,0.477578475,1,1
1029,3,1,1,0,237,216,0.523178808,1,1
1030,6,1,0,1,426,467,0.477043673,1,1
1032,6,1,0,1,426,468,0.476510067,1,1
1034,3,1,0,1,237,217,0.522026432,1,1
1037,6,1,1,0,427,468,0.477094972,1,1
1038,6,1,0,1,427,469,0.4765625,1,1
1039,3,1,1,0,238,217,0.523076923,1,1
1040,6,1,1,0,428,469,0.477146042,1,1
1041,6,1,1,0,429,469,0.477728285,1,1
1042,3,1,1,0,239,217,0.524122807,1,1
1043,6,1,0,1,429,470,0.477196885,1,1
1044,6,1,0,1,429,471,0.476666667,1,1
1048,6,1,0,1,429,472,0.476137625,1,1
1049,6,1,1,0,430,472,0.476718404,1,1
1050,6,1,0,1,430,473,0.476190476,1,1
1051,3,1,1,0,240,217,0.525164114,1,1
1052,6,1,1,0,431,473,0.476769912,1,1
1053,6,1,1,0,432,473,0.477348066,1,1
1054,3,1,1,0,241,217,0.526200873,1,1
1056,6,1,0,1,432,474,0.476821192,1,1
1057,6,1,1,0,433,474,0.477398015,1,1
1058,3,1,0,1,241,218,0.525054466,1,1
1059,6,1,1,0,434,474,0.477973568,1,1
1060,3,1,1,0,242,218,0.526086957,1,1
1061,6,1,1,0,435,474,0.478547855,1,1
1062,6,1,0,1,435,475,0.478021978,1,1
1063,3,1,1,0,243,218,0.527114967,1,1
1064,6,1,0,1,435,476,0.477497256,1,1
1065,3,1,1,0,244,218,0.528138528,1,1
1067,6,1,0,1,435,477,0.476973684,1,1
1068,6,1,1,0,436,477,0.47754655,1,1
1069,3,1,0,1,244,219,0.52699784,1,1
1070,6,1,0,1,436,478,0.47702407,1,1
1071,6,1,1,0,437,478,0.477595628,1,1
1072,3,1,0,1,244,220,0.525862069,1,1
1073,6,1,1,0,438,478,0.478165939,1,1
1074,6,1,0,1,438,479,0.477644493,1,1
1076,3,1,0,1,244,221,0.524731183,1,1
1078,6,1,1,0,439,479,0.478213508,1,1
1079,3,1,0,1,244,222,0.52360515,1,1
1080,6,1,0,1,439,480,0.477693145,1,1
1082,6,1,1,0,440,480,0.47826087,1,1
1085,3,1,0,1,244,223,0.52248394,1,1
1086,6,1,1,0,441,480,0.478827362,1,1
1087,3,1,0,1,244,224,0.521367521,1,1
1088,6,1,1,0,442,480,0.479392625,1,1
1089,6,1,1,0,443,480,0.479956663,1,1
1090,6,1,1,0,444,480,0.480519481,1,1
1094,6,1,1,0,445,480,0.481081081,1,1
1096,3,1,1,0,245,224,0.52238806,1,1
1097,6,1,0,1,445,481,0.480561555,1,1
1098,6,1,1,0,446,481,0.481121899,1,1
1099,3,1,0,1,245,225,0.521276596,1,1
1100,6,1,1,0,447,481,0.481681034,1,1
1101,6,1,1,0,448,481,0.482238967,1,1
1102,3,1,1,0,246,225,0.522292994,1,1
1103,6,1,1,0,449,481,0.482795699,1,1
1105,6,1,1,0,450,481,0.483351235,1,1
1106,3,1,0,1,246,226,0.521186441,1,1
1109,6,1,1,0,451,481,0.483905579,1,1
1110,6,1,0,1,451,482,0.483386924,1,1
1111,6,1,0,1,451,483,0.482869379,1,1
1112,3,1,1,0,247,226,0.522198732,1,1
1114,6,1,0,1,451,484,0.482352941,1,1
1115,3,1,1,0,248,226,0.523206751,1,1
1116,6,1,1,0,452,484,0.482905983,1,1
1120,6,1,0,1,452,485,0.482390608,1,1
1122,3,1,1,0,249,226,0.524210526,1,1
1124,6,1,0,1,452,486,0.481876333,1,1
1125,6,1,1,0,453,486,0.482428115,1,1
1126,3,1,0,1,249,227,0.523109244,1,1
1127,6,1,1,0,454,486,0.482978723,1,1
1129,3,1,1,0,250,227,0.524109015,1,1
1131,6,1,0,1,454,487,0.482465462,1,1
1132,3,1,1,0,251,227,0.525104603,1,1
1133,6,1,0,1,454,488,0.481953291,1,1
1134,3,1,0,1,251,228,0.524008351,1,1
1135,6,1,1,0,455,488,0.482502651,1,1
1136,3,1,1,0,252,228,0.525,1,1
1139,6,1,1,0,456,488,0.483050847,1,1
1141,6,1,0,1,456,489,0.482539683,1,1
1143,3,1,0,1,252,229,0.523908524,1,1
1144,6,1,1,0,457,489,0.483086681,1,1
1145,3,1,0,1,252,230,0.522821577,1,1
1146,6,1,0,1,457,490,0.482576558,1,1
1147,3,1,1,0,253,230,0.523809524,1,1
1149,6,1,0,1,457,491,0.482067511,1,1
1150,3,1,0,1,253,231,0.522727273,1,1
1153,6,1,1,0,458,491,0.482613277,1,1
1154,6,1,0,1,458,492,0.482105263,1,1
1156,3,1,1,0,254,231,0.52371134,1,1
1159,6,1,1,0,459,492,0.482649842,1,1
1160,6,1,1,0,460,492,0.483193277,1,1
1161,6,1,0,1,460,493,0.482686254,1,1
1162,6,1,1,0,461,493,0.483228512,1,1
1163,3,1,1,0,255,231,0.524691358,1,1
1165,6,1,1,0,462,493,0.483769634,1,1
1166,6,1,1,0,463,493,0.484309623,1,1
1167,3,1,0,1,255,232,0.523613963,1,1
1168,6,1,0,1,463,494,0.483803553,1,1
1169,3,1,1,0,256,232,0.524590164,1,1
1170,6,1,0,1,463,495,0.483298539,1,1
1171,6,1,1,0,464,495,0.483837331,1,1
1172,3,1,1,0,257,232,0.525562372,1,1
1173,6,1,1,0,465,495,0.484375,1,1
1174,6,1,1,0,466,495,0.48491155,1,1
1175,3,1,1,0,258,232,0.526530612,1,1
1177,6,1,0,1,466,496,0.484407484,1,1
1178,6,1,0,1,466,497,0.483904465,1,1
1179,6,1,1,0,467,497,0.484439834,1,1
1180,3,1,0,1,258,233,0.525458248,1,1
1181,6,1,0,1,467,498,0.483937824,1,1
1182,3,1,1,0,259,233,0.526422764,1,1
1183,6,1,1,0,468,498,0.48447205,1,1
1184,6,1,0,1,468,499,0.483971044,1,1
1185,3,1,0,1,259,234,0.52535497,1,1
1186,6,1,1,0,469,499,0.484504132,1,1
1187,6,1,1,0,470,499,0.48503612,1,1
1188,3,1,0,1,259,235,0.524291498,1,1
1190,6,1,0,1,470,500,0.484536082,1,1
1192,6,1,1,0,471,500,0.485066941,1,1
1193,3,1,1,0,260,235,0.525252525,1,1
1194,6,1,0,1,471,501,0.484567901,1,1
1195,6,1,0,1,471,502,0.484069887,1,1
1196,3,1,1,0,261,235,0.526209677,1,1
1197,6,1,1,0,472,502,0.484599589,1,1
1200,6,1,1,0,473,502,0.485128205,1,1
1201,6,1,1,0,474,502,0.485655738,1,1
1203,6,1,0,1,474,503,0.485158649,1,1
1204,6,1,1,0,475,503,0.485685072,1,1
1205,6,1,1,0,476,503,0.486210419,1,1
1206,3,1,0,1,261,236,0.525150905,1,1
1207,6,1,1,0,477,503,0.486734694,1,1
1208,6,1,0,1,477,504,0.486238532,1,1
1209,6,1,1,0,478,504,0.486761711,1,1
1210,6,1,0,1,478,505,0.486266531,1,1
1211,3,1,1,0,262,236,0.526104418,1,1
1212,6,1,0,1,478,506,0.485772358,1,1
1213,6,1,1,0,479,506,0.486294416,1,1
1214,6,1,1,0,480,506,0.486815416,1,1
1215,3,1,1,0,263,236,0.527054108,1,1
1217,6,1,0,1,480,507,0.486322188,1,1
1219,3,1,0,1,263,237,0.526,1,1
1220,6,1,0,1,480,508,0.48582996,1,1
1221,6,1,0,1,480,509,0.485338726,1,1
1222,6,1,0,1,480,510,0.484848485,1,1
1223,6,1,0,1,480,511,0.484359233,1,1
1226,6,1,1,0,481,511,0.484879032,1,1
1228,6,1,1,0,482,511,0.485397784,1,1
1230,3,1,0,1,263,238,0.5249501,1,1
1233,6,1,1,0,483,511,0.485915493,1,1
1234,6,1,0,1,483,512,0.485427136,1,1
1235,6,1,0,1,483,513,0.484939759,1,1
1237,6,1,1,0,484,513,0.485456369,1,1
1238,6,1,0,1,484,514,0.48496994,1,1
1242,3,1,0,1,263,239,0.523904382,1,1
1243,6,1,1,0,485,514,0.485485485,1,1
1244,6,1,0,1,485,515,0.485,1,1
1245,3,1,1,0,264,239,0.524850895,1,1
1246,3,1,0,1,264,240,0.523809524,1,1
1247,6,1,0,1,485,516,0.484515485,1,1
1248,3,1,0,1,264,241,0.522772277,1,1
1249,6,1,0,1,485,517,0.484031936,1,1
1250,6,1,1,0,486,517,0.484546361,1,1
1252,3,1,0,1,264,242,0.52173913,1,1
1253,6,1,0,1,486,518,0.484063745,1,1
1254,6,1,1,0,487,518,0.484577114,1,1
1255,3,1,1,0,265,242,0.522682446,1,1
1256,6,1,1,0,488,518,0.485089463,1,1
1257,3,1,0,1,265,243,0.521653543,1,1
1258,6,1,1,0,489,518,0.485600794,1,1
1260,3,1,1,0,266,243,0.52259332,1,1
1261,6,1,0,1,489,519,0.485119048,1,1
1263,6,1,0,1,489,520,0.484638256,1,1
1264,3,1,0,1,266,244,0.521568627,1,1
1265,6,1,1,0,490,520,0.485148515,1,1
1266,6,1,1,0,491,520,0.485657765,1,1
1269,3,1,1,0,267,244,0.522504892,1,1
1270,6,1,0,1,491,521,0.485177866,1,1
1271,6,1,0,1,491,522,0.484698914,1,1
1272,3,1,0,1,267,245,0.521484375,1,1
1273,6,1,1,0,492,522,0.485207101,1,1
1274,6,1,1,0,493,522,0.485714286,1,1
1275,3,1,1,0,268,245,0.522417154,1,1
1276,6,1,1,0,494,522,0.486220472,1,1
1277,6,1,1,0,495,522,0.486725664,1,1
1278,3,1,1,0,269,245,0.523346304,1,1
1279,6,1,1,0,496,522,0.487229862,1,1
1280,6,1,0,1,496,523,0.486751717,1,1
1281,3,1,0,1,269,246,0.522330097,1,1
1282,6,1,1,0,497,523,0.487254902,1,1
1283,6,1,1,0,498,523,0.487757101,1,1
1284,3,1,0,1,269,247,0.521317829,1,1
1285,6,1,0,1,498,524,0.487279843,1,1
1287,6,1,1,0,499,524,0.487781036,1,1
1289,6,1,0,1,499,525,0.487304688,1,1
1291,6,1,0,1,499,526,0.486829268,1,1
1292,3,1,0,1,269,248,0.520309478,1,1
1293,6,1,0,1,499,527,0.486354776,1,1
1294,3,1,1,0,270,248,0.521235521,1,1
1296,6,1,1,0,500,527,0.486854917,1,1
1297,3,1,0,1,270,249,0.520231214,1,1
1298,6,1,1,0,501,527,0.487354086,1,1
1299,6,1,1,0,502,527,0.487852284,1,1
1301,6,1,1,0,503,527,0.488349515,1,1
1302,6,1,0,1,503,528,0.487875849,1,1
1303,6,1,1,0,504,528,0.488372093,1,1
1304,6,1,0,1,504,529,0.487899322,1,1
1306,6,1,0,1,504,530,0.487427466,1,1
1310,3,1,1,0,271,249,0.521153846,1,1
1311,6,1,0,1,504,531,0.486956522,1,1
1312,3,1,1,0,272,249,0.522072937,1,1
1313,6,1,1,0,505,531,0.487451737,1,1
1314,3,1,1,0,273,249,0.522988506,1,1
1317,6,1,1,0,506,531,0.487945998,1,1
1318,6,1,0,1,506,532,0.487475915,1,1
1319,3,1,1,0,274,249,0.523900574,1,1
1320,6,1,0,1,506,533,0.487006737,1,1
1321,3,1,1,0,275,249,0.52480916,1,1
1322,6,1,0,1,506,534,0.486538462,1,1
1323,6,1,1,0,507,534,0.4870317,1,1
1324,3,1,0,1,275,250,0.523809524,1,1
1325,6,1,0,1,507,535,0.486564299,1,1
1326,6,1,1,0,508,535,0.487056568,1,1
1327,3,1,1,0,276,250,0.524714829,1,1
1328,6,1,1,0,509,535,0.487547893,1,1
1329,6,1,0,1,509,536,0.48708134,1,1
1330,3,1,1,0,277,250,0.525616698,1,1
1331,6,1,1,0,510,536,0.487571702,1,1
1333,6,1,0,1,510,537,0.487106017,1,1
1334,3,1,0,1,277,251,0.524621212,1,1
1335,6,1,0,1,510,538,0.486641221,1,1
1336,6,1,1,0,511,538,0.487130601,1,1
1338,3,1,0,1,277,252,0.52362949,1,1
1340,6,1,0,1,511,539,0.486666667,1,1
1343,6,1,1,0,512,539,0.48715509,1,1
1344,3,1,1,0,278,252,0.524528302,1,1
1345,6,1,0,1,512,540,0.486692015,1,1
1346,6,1,0,1,512,541,0.48622982,1,1
1348,3,1,0,1,278,253,0.52354049,1,1
1349,6,1,1,0,513,541,0.486717268,1,1
1350,3,1,1,0,279,253,0.52443609,1,1
1353,6,1,1,0,514,541,0.487203791,1,1
1355,6,1,0,1,514,542,0.486742424,1,1
1356,6,1,0,1,514,543,0.48628193,1,1
1357,6,1,1,0,515,543,0.486767486,1,1
1358,3,1,1,0,280,253,0.52532833,1,1
1360,6,1,1,0,516,543,0.487252125,1,1
1361,6,1,0,1,516,544,0.486792453,1,1
1362,3,1,0,1,280,254,0.524344569,1,1
1363,6,1,1,0,517,544,0.487276155,1,1
1364,6,1,0,1,517,545,0.486817326,1,1
1365,3,1,1,0,281,254,0.525233645,1,1
1366,6,1,0,1,517,546,0.48635936,1,1
1367,3,1,1,0,282,254,0.526119403,1,1
1368,6,1,0,1,517,547,0.485902256,1,1
1369,6,1,1,0,518,547,0.486384977,1,1
1370,3,1,0,1,282,255,0.525139665,1,1
1371,6,1,0,1,518,548,0.485928705,1,1
1372,6,1,0,1,518,549,0.48547329,1,1
1373,6,1,0,1,518,550,0.485018727,1,1
1374,6,1,1,0,519,550,0.485500468,1,1
1376,3,1,1,0,283,255,0.526022305,1,1
1377,6,1,0,1,519,551,0.485046729,1,1
1378,3,1,0,1,283,256,0.525046382,1,1
1379,6,1,1,0,520,551,0.485527544,1,1
1380,3,1,1,0,284,256,0.525925926,1,1
1381,6,1,1,0,521,551,0.486007463,1,1
1382,6,1,0,1,521,552,0.48555452,1,1
1383,3,1,0,1,284,257,0.524953789,1,1
1384,3,1,0,1,284,258,0.52398524,1,1
1386,6,1,1,0,522,552,0.48603352,1,1
1387,6,1,1,0,523,552,0.486511628,1,1
1388,6,1,1,0,524,552,0.486988848,1,1
1389,6,1,0,1,524,553,0.486536676,1,1
1390,3,1,0,1,284,259,0.523020258,1,1
1391,6,1,0,1,524,554,0.486085343,1,1
1392,3,1,1,0,285,259,0.523897059,1,1
1394,6,1,1,0,525,554,0.486561631,1,1
1396,6,1,1,0,526,554,0.487037037,1,1
1397,6,1,0,1,526,555,0.486586494,1,1
1400,3,1,1,0,286,259,0.524770642,1,1
1401,6,1,0,1,526,556,0.486136784,1,1
1402,6,1,0,1,526,557,0.485687904,1,1
1403,3,1,1,0,287,259,0.525641026,1,1
1404,6,1,1,0,527,557,0.486162362,1,1
1406,6,1,0,1,527,558,0.485714286,1,1
1407,3,1,1,0,288,259,0.526508227,1,1
1409,6,1,1,0,528,558,0.486187845,1,1
1410,3,1,0,1,288,260,0.525547445,1,1
1411,6,1,0,1,528,559,0.48574057,1,1
1412,6,1,0,1,528,560,0.485294118,1,1
1413,6,1,1,0,529,560,0.485766758,1,1
1414,6,1,0,1,529,561,0.485321101,1,1
1417,6,1,0,1,529,562,0.48487626,1,1
1418,3,1,0,1,288,261,0.524590164,1,1
1419,6,1,1,0,530,562,0.485347985,1,1
1420,6,1,1,0,531,562,0.485818847,1,1
1421,3,1,0,1,288,262,0.523636364,1,1
1422,6,1,1,0,532,562,0.486288848,1,1
1423,6,1,0,1,532,563,0.485844749,1,1
1424,6,1,1,0,533,563,0.486313869,1,1
1425,6,1,1,0,534,563,0.486782133,1,1
1427,6,1,1,0,535,563,0.487249545,1,1
1428,6,1,1,0,536,563,0.487716106,1,1
1429,6,1,0,1,536,564,0.487272727,1,1
1430,6,1,0,1,536,565,0.486830154,1,1
1431,3,1,1,0,289,262,0.524500907,1,1
1433,6,1,0,1,536,566,0.486388385,1,1
1434,6,1,0,1,536,567,0.485947416,1,1
1435,6,1,1,0,537,567,0.486413043,1,1
1436,6,1,0,1,537,568,0.485972851,1,1
1437,3,1,0,1,289,263,0.523550725,1,1
1438,6,1,0,1,537,569,0.485533454,1,1
